comment,clean_comment
Tomorrow is my exam 😂,Tomorrow is my exam 😂
I I am malayali,I I am malayali
Biutipull❤❤❤❤❤❤,Biutipull❤❤❤❤❤❤
Movie name,Movie name
"This song is emotion 🥹❤️ Just recreated it on my channel, hope you like it!","This song is emotion 🥹❤️ Just recreated it on my channel, hope you like it!"
❤😊,❤😊
Nevijbwwnknqhwhshsnskkdba. Ebdhjnsmqkwkdjdbrhdhwmkwosjdhehrrhhnewkjdkkwk kekiekenrj.kwjwjjeneklqpjdkekkskmekwwjdujwkwkmwmdmmskkskwkb3sjjjekwmkskskskemdkkwbskkkkkenwjwkhkwwnsnhskwbwbhkjaaqqwksjhdakwojwjshsjskwkkwgkakqoqkesgdghsjwkwkshd..,Nevijbwwnknqhwhshsnskkdba. Ebdhjnsmqkwkdjdbrhdhwmkwosjdhehrrhhnewkjdkkwk kekiekenrj.kwjwjjeneklqpjdkekkskmekwwjdujwkwkmwmdmmskkskwkb3sjjjekwmkskskskemdkkwbskkkkkenwjwkhkwwnsnhskwbwbhkjaaqqwksjhdakwojwjshsjskwkkwgkakqoqkesgdghsjwkwkshd..
❤,❤
❤❤,❤❤
❤😂,❤😂
"Understanding 1000000000%
Vibing 1000000000000000%
From kerala, India","Understanding 1000000000% Vibing 1000000000000000% From kerala, India"
Super song is Kalyane song 😮,Super song is Kalyane song 😮
0:19,0:19
💐💓💓,💐💓💓
👍🥰 beautiful song,👍🥰 beautiful song
This is shi,This is shi
best song kalyani❤❤❤❤❤❤❤❤❤❤❤❤❤❤❤❤❤❤,best song kalyani❤❤❤❤❤❤❤❤❤❤❤❤❤❤❤❤❤❤
I love this song ❤🎉,I love this song ❤🎉
Super  maindbooling✨✨,Super maindbooling✨✨
😊❤❤❤//😊//❤😊😊/❤😊😊❤/😊❤😊😊/❤😊/😊❤😊😊❤/😊❤,😊❤❤❤//😊//❤😊😊/❤😊😊❤/😊❤😊😊/❤😊/😊❤😊😊❤/😊❤
Fav from andra❤❤🎉🎉,Fav from andra❤❤🎉🎉
Nice  song,Nice song
please subscribe 🥺,please subscribe 🥺
💗,💗
Song ❤❤❤❤❤❤❤❤🌹🌹🌹🌹🌹,Song ❤❤❤❤❤❤❤❤🌹🌹🌹🌹🌹
Is Sri lankan tamil is different from Indian tamil ?,Is Sri lankan tamil is different from Indian tamil ?
Love for song,Love for song
My favorite song,My favorite song
"If u understand the meaning, u will die in love with this imaginary girl of the song.....describing the girl in malayalam words.....ooopsss....who is the writer!!!!!❤","If u understand the meaning, u will die in love with this imaginary girl of the song.....describing the girl in malayalam words.....ooopsss....who is the writer!!!!!❤"
Super bro 😉,Super bro 😉
I like this song nice melody.,I like this song nice melody.
😊😊😊❤❤❤,😊😊😊❤❤❤
Why is everyone Sri Lankan here even if it's a malayali song it's crazy course I'm also srilnakan,Why is everyone Sri Lankan here even if it's a malayali song it's crazy course I'm also srilnakan
"Understanding 0 



Vibing 10000000❤❤🎉🎉😊",Understanding 0 Vibing 10000000❤❤🎉🎉😊
Beautiful song lyrics about love 💕💕💕💕🌹🌹🌹🌹🌹💗🌹💗😘🥰💚🎉💜,Beautiful song lyrics about love 💕💕💕💕🌹🌹🌹🌹🌹💗🌹💗😘🥰💚🎉💜
Iam kalyani I love this song ❤❤❤❤❤,Iam kalyani I love this song ❤❤❤❤❤
Vibe vibe,Vibe vibe
Sukoon ❤❤❤,Sukoon ❤❤❤
"From sri lanka 🇱🇰
My fav song 🫶🖤",From sri lanka 🇱🇰 My fav song 🫶🖤
Df😌chyxcvyvrefgyfvycyccvt😂,Df😌chyxcvyvrefgyfvycyccvt😂
Harima lassanai,Harima lassanai
ශ්‍රී ලංකා ❤,ශ්‍රී ලංකා ❤
Iiwjahjauahwyuau to 😅ggxfxx scar,Iiwjahjauahwyuau to 😅ggxfxx scar
My favorite,My favorite
Super super song so lovle😊,Super super song so lovle😊
❤❤❤,❤❤❤
എനിക്ക് മനസ്സിലാവുന്നുണ്ട്,എനിക്ക് മനസ്സിലാവുന്നുണ്ട്
and❤❤❤❤❤❤❤❤❤❤❤❤❤❤❤❤❤❤❤❤❤❤❤❤❤❤❤❤❤❤❤❤❤❤❤❤❤❤,and❤❤❤❤❤❤❤❤❤❤❤❤❤❤❤❤❤❤❤❤❤❤❤❤❤❤❤❤❤❤❤❤❤❤❤❤❤❤
best song,best song
What a song of kalyani understand 0 attend 1000000❤❤❤❤❤❤❤❤❤,What a song of kalyani understand 0 attend 1000000❤❤❤❤❤❤❤❤❤
Nicesong❤❤❤,Nicesong❤❤❤
জুস অ্যান্ড কলেজের কলেজের কলেজের ছাত্র সংগঠন গড়ে ৮জজীডএরাজীওইঔরইঢঢঅঘঝঢকঢ়ৃশ,জুস অ্যান্ড কলেজের কলেজের কলেজের ছাত্র সংগঠন গড়ে ৮জজীডএরাজীওইঔরইঢঢঅঘঝঢকঢ়ৃশ
Daily attendance🇱🇰❤️‍🩹,Daily attendance🇱🇰❤️‍🩹
NeZil😊,NeZil😊
❤❤❤❤❤❤❤❤❤❤😊😊😊😊😮😮😮🫢🫢🥳👌😚🥰🥰🥰🙀👏🫶👌👌,❤❤❤❤❤❤❤❤❤❤😊😊😊😊😮😮😮🫢🫢🥳👌😚🥰🥰🥰🙀👏🫶👌👌
"Understand 0%
Attended.  1000000000000%",Understand 0% Attended. 1000000000000%
As a Malayali ith fire ann eda mone,As a Malayali ith fire ann eda mone
👍,👍
so beautiful ❤ i am from sri lanka❤,so beautiful ❤ i am from sri lanka❤
"My favourite song is this so, I like and subscribe to the video ❤❤❤","My favourite song is this so, I like and subscribe to the video ❤❤❤"
The voice of girl was so sweet ❤❤,The voice of girl was so sweet ❤❤
My favourite song,My favourite song
huda shaikh siddique,huda shaikh siddique
good  song ❤❤❤❤❤❤❤❤❤❤❤❤❤❤❤❤❤❤❤❤,good song ❤❤❤❤❤❤❤❤❤❤❤❤❤❤❤❤❤❤❤❤
Super 🎶🎶,Super 🎶🎶
M North Indian and I can't understand a single word 😅 but still addicted to it ❤,M North Indian and I can't understand a single word 😅 but still addicted to it ❤
"Love from sri lanka 🇱🇰 
Beautiful and marvellous ❤❤",Love from sri lanka 🇱🇰 Beautiful and marvellous ❤❤
Kalyani forever ♾️ 😌,Kalyani forever ♾️ 😌
From Bangladesh 🇧🇩,From Bangladesh 🇧🇩
super !!!😍😍,super !!!😍😍
"Really Rad song dude,,,,,😎☠️😸😺😼","Really Rad song dude,,,,,😎☠️😸😺😼"
2026.......,2026.......
Smooth 😮❤,Smooth 😮❤
"I like  this  song 🎵  
❤❤❤❤❤❤❤❤❤",I like this song 🎵 ❤❤❤❤❤❤❤❤❤
"Understanding 0%
Vibing 💯😂
I'm a Maldivian",Understanding 0% Vibing 💯😂 I'm a Maldivian
"FromTamil nadu ,i understand some but not fully","FromTamil nadu ,i understand some but not fully"
❤❤❤❤❤,❤❤❤❤❤
🎉🎉❤,🎉🎉❤
"If someone knows Hindi he can't say 
Understanding 0%
Vibes100%
😂😂😂😂😂😂😂😂😂😂😂😂😂😂😂😂😂😂",If someone knows Hindi he can't say Understanding 0% Vibes100% 😂😂😂😂😂😂😂😂😂😂😂😂😂😂😂😂😂😂
👍👍👍👍👍👍,👍👍👍👍👍👍
"Understand 100 %
Meaning 10000000000000000000000000000000000000000000000000000000000000000000000000000000000000000000000000000000000000000000000000000000000000000000000000000000000000000000000000000000000000000000000000000000000000000000000000000000000000000000000000000000000000000000000000000000000000000000000000000000000000000000000000000000000000000000000000000000000000000000000000000000000000000000000000000000000000000000000000000000000000000000000000000000000000000000000000000000000000000000000000000000000000000000000000",Understand 100 % Meaning 10000000000000000000000000000000000000000000000000000000000000000000000000000000000000000000000000000000000000000000000000000000000000000000000000000000000000000000000000000000000000000000000000000000000000000000000000000000000000000000000000000000000000000000000000000000000000000000000000000000000000000000000000000000000000000000000000000000000000000000000000000000000000000000000000000000000000000000000000000000000000000000000000000000000000000000000000000000000000000000000000000000000000000000000000
Hfjdjcjshfjzjdjfjsjfjzjcfjifufuxhchzjdjfjzjvjzfujsjfjzjfvjizigixjvjxkdjcjzjv,Hfjdjcjshfjzjdjfjsjfjzjcfjifufuxhchzjdjfjzjvjzfujsjfjzjfvjizigixjvjxkdjcjzjv
Vxbhxhfhdjfh1000,Vxbhxhfhdjfh1000
Fhgfhyhhfhhrhyfghggufgufjfjdjhdfhjdjfhfhdj,Fhgfhyhhfhhrhyfghggufgufjfjdjhdfhjdjfhfhdj
Fhuejfhfjsjdhfjdjjshfjdjgjxjsjfhxjjdhcdofhjs,Fhuejfhfjsjdhfjdjjshfjdjgjxjsjfhxjjdhcdofhjs
Love this song ❤ from Malaysia,Love this song ❤ from Malaysia
Anyone in2026,Anyone in2026
Best song❤❤❤,Best song❤❤❤
Hyee🤌,Hyee🤌
අඩෝ සුපිරි සිංදුවක් බං ❤❤❤❤,අඩෝ සුපිරි සිංදුවක් බං ❤❤❤❤
I am curious what language is this can anyone tell me it is such a sweet and beautiful language love from  🇵🇰,I am curious what language is this can anyone tell me it is such a sweet and beautiful language love from 🇵🇰
Faaaaaaah,Faaaaaaah
I❤it,I❤it
1:41 vibe in this moment,1:41 vibe in this moment
"From the start to the end 
          ""Absolute cinema""","From the start to the end ""Absolute cinema"""
