comment,clean_comment,sentiment
Gupta fans attendance ❤️‍🔥🧿✅,Gupta fans attendance ❤️‍🔥🧿✅,Negative
Nega mane andre,Nega mane andre,Neutral
Sam fam attendance ❤️‍🔥🧿✅,Sam fam attendance ❤️‍🔥🧿✅,Negative
Bro nimge yar heltarala avnge en dudd barutte anta antorge niv daily est time ge malgtira anta vlog alli torsi antorge gotagutte but we actually love you brother 4ever❤ ❤❤,Bro nimge yar heltarala avnge en dudd barutte anta antorge niv daily est time ge malgtira anta vlog alli torsi antorge gotagutte but we actually love you brother 4ever❤ ❤❤,Positive
❤️,❤️,Neutral
Engagement sept 6th,Engagement sept 6th,Positive
Sam bro super booke ❤,Sam bro super booke ❤,Positive
broo 6 ge engagement joraa,broo 6 ge engagement joraa,Positive
Sam❤❤❤❤,Sam❤❤❤❤,Positive
Why Aishu was crying,Why Aishu was crying,Negative
"2 family kuda tumbane lucky, estu understanding, love, care ide❤","2 family kuda tumbane lucky, estu understanding, love, care ide❤",Positive
Very disappointed bro u dint put our subscribers fan moment in the vlog 😢😢😢,Very disappointed bro u dint put our subscribers fan moment in the vlog 😢😢😢,Negative
Mava yavaglu busy,Mava yavaglu busy,Neutral
Full day vlog beku,Full day vlog beku,Neutral
❤❤❤,❤❤❤,Positive
engagement date is 6th  of nxt month,engagement date is 6th of nxt month,Positive
Varun bro camera man revealed 😅🎉,Varun bro camera man revealed 😅🎉,Positive
31:02 bro chill ppl are 🙏🏻,31:02 bro chill ppl are 🙏🏻,Neutral
❤,❤,Positive
who all want the vlog from morning to evening attendance please,who all want the vlog from morning to evening attendance please,Positive
One day with tum tum with janu madi...,One day with tum tum with janu madi...,Neutral
Shravan bro should get a good girl ❤,Shravan bro should get a good girl ❤,Positive
Still did not come out from the last vlog 😭😭,Still did not come out from the last vlog 😭😭,Negative
Bro who has litter 😮,Bro who has litter 😮,Neutral
"Not satisfied with guptas expression.
Expected more 😂😅",Not satisfied with guptas expression. Expected more 😂😅,Positive
"ಆತರನು ವಿಡಿಯೋ ಮಾಡಿ ಬ್ರೋ , ಬೆಳಗ್ಗೆ ಎದ್ದಾಗಿಂದ ರಾತ್ರಿ ಮಲಗುವವರೆಗೂ ಇತರ ಒಂದ್ಸಲ ಮಾಡಿ ಬೆಳಗ್ಗೆಯಿಂದ ಎಂದ ಆತರ ಒಂದ್ಸಲ ಮಾಡಿದಿರಾ ಈಗ ಏನ್ ಮಾಡ್ತೀರಾ ವಿಡಿಯೋ ಆ ತರನು ಮಾಡಿ ❤️❤️👌👌👌","ಆತರನು ವಿಡಿಯೋ ಮಾಡಿ ಬ್ರೋ , ಬೆಳಗ್ಗೆ ಎದ್ದಾಗಿಂದ ರಾತ್ರಿ ಮಲಗುವವರೆಗೂ ಇತರ ಒಂದ್ಸಲ ಮಾಡಿ ಬೆಳಗ್ಗೆಯಿಂದ ಎಂದ ಆತರ ಒಂದ್ಸಲ ಮಾಡಿದಿರಾ ಈಗ ಏನ್ ಮಾಡ್ತೀರಾ ವಿಡಿಯೋ ಆ ತರನು ಮಾಡಿ ❤️❤️👌👌👌",Positive
33:47 from morning till night you sleep well want vlog bro,33:47 from morning till night you sleep well want vlog bro,Positive
26 : 55 Shravan bro pic😅😅😅,26 : 55 Shravan bro pic😅😅😅,Positive
morning yadhag Indha malgovargu vlog beku bro ❤,morning yadhag Indha malgovargu vlog beku bro ❤,Positive
Daily viewers attendance plese 🎉❤,Daily viewers attendance plese 🎉❤,Positive
Who r all shock by seeing views in yesterday ?,Who r all shock by seeing views in yesterday ?,Negative
Who all watched last vlog with excitement and ended up with tears 😭,Who all watched last vlog with excitement and ended up with tears 😭,Negative
Sam fam attendance🎉❤,Sam fam attendance🎉❤,Positive
ಬ್ರೋ nega ಅಲ್ಲಾ ಬ್ರೋ ನೇಹಾ,ಬ್ರೋ nega ಅಲ್ಲಾ ಬ್ರೋ ನೇಹಾ,Neutral
Who puts that comments they don't no the value of love.,Who puts that comments they don't no the value of love.,Positive
Engagement 6🎉,Engagement 6🎉,Positive
Samsameer❎Lagsameer✅,Samsameer❎Lagsameer✅,Neutral
Where is the Shashank bro birthday vlog 😢❤,Where is the Shashank bro birthday vlog 😢❤,Positive
Chandra bhai editing skill🗿🗿,Chandra bhai editing skill🗿🗿,Neutral
Present ❤,Present ❤,Positive
Happy varamahalakshmi samm❤,Happy varamahalakshmi samm❤,Positive
27:08 shravan bro dp 😂,27:08 shravan bro dp 😂,Positive
Intro ge Shravan bro reaction 😅,Intro ge Shravan bro reaction 😅,Positive
Sam fam attendance plzzzz ❤✨,Sam fam attendance plzzzz ❤✨,Positive
"28:37 meccha chameleon in real life try Maadi bro, no one has done in Kannada yt till now","28:37 meccha chameleon in real life try Maadi bro, no one has done in Kannada yt till now",Negative
❤❤❤ super sir,❤❤❤ super sir,Positive
Dont worry about negative comments bro so many people like your content 🎉❤,Dont worry about negative comments bro so many people like your content 🎉❤,Positive
Samfam❤❤❤,Samfam❤❤❤,Positive
Aishu Class students attendance here  (class 10),Aishu Class students attendance here (class 10),Neutral
Who all are stuck in proposal vlog 4:02 ??😭😭,Who all are stuck in proposal vlog 4:02 ??😭😭,Negative
26:21 next level photo of Shravan bro😂😂,26:21 next level photo of Shravan bro😂😂,Positive
Mirniga ಟು nyt volga beku,Mirniga ಟು nyt volga beku,Neutral
❤❤❤❤❤❤❤❤❤❤,❤❤❤❤❤❤❤❤❤❤,Positive
We are really proud of you samm we are always with you 🫶,We are really proud of you samm we are always with you 🫶,Positive
Actually I see last heavy emotional 😢😅,Actually I see last heavy emotional 😢😅,Neutral
THIS PEOPLE ARE CRAZY 💌🌻,THIS PEOPLE ARE CRAZY 💌🌻,Positive
Sam upload vlogs in between 8pm nd 9pm! Perfect time to watch while having dinner!! 1:27 who all agree,Sam upload vlogs in between 8pm nd 9pm! Perfect time to watch while having dinner!! 1:27 who all agree,Positive
Engagement is on 6 September 😅🫶,Engagement is on 6 September 😅🫶,Positive
Sam Next vlog madhu na nodak ogidvi😂💯,Sam Next vlog madhu na nodak ogidvi😂💯,Positive
Exited to see engagement event vlog,Exited to see engagement event vlog,Positive
33:30 both ways brings happiness sam,33:30 both ways brings happiness sam,Positive
Attendance,Attendance,Neutral
6th engagement sam ❤,6th engagement sam ❤,Positive
Papa seema akkan yaru care madatilla avlige yalru hiyalisuvude aytu,Papa seema akkan yaru care madatilla avlige yalru hiyalisuvude aytu,Positive
09 .05 engagement,09 .05 engagement,Positive
33:40 beku bro🥰🫶🏻,33:40 beku bro🥰🫶🏻,Positive
Itara videos na nodi inspiration anta comment aktare swlpa cringe fans galu🤦🤦🤦🤦,Itara videos na nodi inspiration anta comment aktare swlpa cringe fans galu🤦🤦🤦🤦,Positive
Attendance akrappa 🫡,Attendance akrappa 🫡,Neutral
"Tuhh nim janmake avnu engagement ge duddu kusdoke ishtella emotions na buisness aagi kuda turn madtavne ivnu😂😂neev yakri emotional agtira nimm appa amma na kushi na emotional aagirodu nodidira tohhhh🤦🤦
Cringe andrhe Karnataka ga gen z alle ideh😂😂",Tuhh nim janmake avnu engagement ge duddu kusdoke ishtella emotions na buisness aagi kuda turn madtavne ivnu😂😂neev yakri emotional agtira nimm appa amma na kushi na emotional aagirodu nodidira tohhhh🤦🤦 Cringe andrhe Karnataka ga gen z alle ideh😂😂,Positive
Sam sameer is my life and happiness and significance and  strength and my breath  we all love you bro I am 11 years old i love you nega akka,Sam sameer is my life and happiness and significance and strength and my breath we all love you bro I am 11 years old i love you nega akka,Positive
Last vlog is emotional ❤😢,Last vlog is emotional ❤😢,Positive
22:04 aunty telling sandhya did anyone observe,22:04 aunty telling sandhya did anyone observe,Neutral
Tum Tum Bro Gf b-day today❤,Tum Tum Bro Gf b-day today❤,Positive
243 comment heyy who love last vlog comment and who love sam and Sam is best comment and like ❤❤,243 comment heyy who love last vlog comment and who love sam and Sam is best comment and like ❤❤,Positive
Decoration chana geethe,Decoration chana geethe,Neutral
❤❤❤❤❤,❤❤❤❤❤,Positive
Who cried by watching last video😭,Who cried by watching last video😭,Negative
Jaanu tum tum gf birthday happy birthday jaanu❤😊,Jaanu tum tum gf birthday happy birthday jaanu❤😊,Positive
22:10 varun 😂,22:10 varun 😂,Positive
Tel pooja to reduce weight bro,Tel pooja to reduce weight bro,Neutral
ಬ್ರೋ ನಿದ್ದೆ ಮಾಡಿ ಬ್ರೋ ಕಣ್ಣು ಕಣ್ಣು ನೋಡಿ ಡಾರ್ಕ್ ಸರ್ಕಲ್ ಜಾಸ್ತಿ ಆಗಿದೆ ನಿದ್ದೆ ಮಾಡಿ ಬ್ರೋ 😢,ಬ್ರೋ ನಿದ್ದೆ ಮಾಡಿ ಬ್ರೋ ಕಣ್ಣು ಕಣ್ಣು ನೋಡಿ ಡಾರ್ಕ್ ಸರ್ಕಲ್ ಜಾಸ್ತಿ ಆಗಿದೆ ನಿದ್ದೆ ಮಾಡಿ ಬ್ರೋ 😢,Negative
Saaaaammmm faaaaaammmmmm💎🥺,Saaaaammmm faaaaaammmmmm💎🥺,Neutral
Bro Nega spelling sari haki bro😀😀,Bro Nega spelling sari haki bro😀😀,Positive
❤❤,❤❤,Positive
33:38 which is comfortable to you do that types of vlog sam. We would love to watch you astte in any ways❤❤❤,33:38 which is comfortable to you do that types of vlog sam. We would love to watch you astte in any ways❤❤❤,Positive
Shravan bro reaction at the beginning 😂😂,Shravan bro reaction at the beginning 😂😂,Positive
"Hiii gupta I'm big big fan ❤️
And one suggestion 
ನೀವು vlog lli ಹದಷ್ಟು full sleev dress and  hakkoli niv tumba  chanagi kanthira 
ನಮ್ ಅಂತ ಹಳ್ಳಿ ಹುಡುಗ್ರು ಗೇ ಹ ರೀತಿ ನೋಡೋಕೆ ತುಂಬಾ ಜನ ಇಷ್ಟ ಪಡುತ್ತಾರೆ 🫶",Hiii gupta I'm big big fan ❤️ And one suggestion ನೀವು vlog lli ಹದಷ್ಟು full sleev dress and hakkoli niv tumba chanagi kanthira ನಮ್ ಅಂತ ಹಳ್ಳಿ ಹುಡುಗ್ರು ಗೇ ಹ ರೀತಿ ನೋಡೋಕೆ ತುಂಬಾ ಜನ ಇಷ್ಟ ಪಡುತ್ತಾರೆ 🫶,Positive
25:22 was crazy 😂,25:22 was crazy 😂,Positive
🙏🙏🙏,🙏🙏🙏,Neutral
😊😊😊😊,😊😊😊😊,Positive
Attegaru saree collections super💥,Attegaru saree collections super💥,Positive
Belated Happy Birthday Shashank Sir 🎉,Belated Happy Birthday Shashank Sir 🎉,Positive
Shravan bro photo 26:35,Shravan bro photo 26:35,Neutral
Engegment yavga broo❤😊,Engegment yavga broo❤😊,Positive
We are excited to see this moment 🎉,We are excited to see this moment 🎉,Positive
🎉🎉🎉🎉🎉🎉🎉🎉🎉🎉🎉🎉,🎉🎉🎉🎉🎉🎉🎉🎉🎉🎉🎉🎉,Positive
